{
  "scenario": {
    "U": 3,
    "G": 3,
    "S": 4,
    "Nt": 4,
    "n_qubits": 9,
    "Gamma_min": 0.5,
    "QAOA_REPS": 1,
    "QAOA_MAXITER": 80,
    "QAOA_NOISY_MAXITER": 40,
    "shots": 1024
  },
  "exact": {
    "fval": -617308217.0996062,
    "sum_rate": 6191146.855327368,
    "sinr": [
      1.3991037585732855,
      2.933812010301125,
      3.9864992729741466,
      0.5526104964450826
    ],
    "constraints": {
      "C1": true,
      "C2": true,
      "C3": true,
      "C4": true,
      "feasible": true
    },
    "feasible": true
  },
  "qaoa_sv": {
    "fval": -612712733.1689291,
    "sum_rate": 6191146.855327368,
    "AR_qubo": 0.9925556086839914,
    "AR_rate": 1.0,
    "constraints": {
      "C1": true,
      "C2": true,
      "C3": true,
      "C4": true,
      "feasible": true
    },
    "feasible": true,
    "reps": 1
  },
  "qaoa_noisy": {
    "fval": -617308217.0996062,
    "sum_rate": 6191146.855327368,
    "AR_qubo": 1.0,
    "AR_rate": 1.0,
    "constraints": {
      "C1": true,
      "C2": true,
      "C3": true,
      "C4": true,
      "feasible": true
    },
    "feasible": true
  },
  "greedy": {
    "sum_rate": 6191146.855327368,
    "constraints": {
      "C1": true,
      "C2": true,
      "C3": true,
      "C4": true,
      "feasible": true
    },
    "feasible": true
  },
  "random": {
    "mean_rate": 4908484.290326,
    "std_rate": 688463.1105924014
  },
  "p_sweep": [
    {
      "p": 1,
      "fval": -612712733.1689291,
      "sum_rate": 6191146.855327368,
      "AR_qubo": 0.9925556086839914,
      "AR_rate": 1.0,
      "n_evals": 8,
      "feasible": true
    }
  ]
}