{
  "purpose": "Simulation-only QAOA training evidence for ISAC UAV deployment.",
  "hardware_included": false,
  "cases": {
    "headline": {
      "scenario": {
        "name": "headline",
        "U": 4,
        "G": 6,
        "S": 6,
        "Nt": 4,
        "Gamma_min": 0.5,
        "feasible_assignment_count": 329
      },
      "exact": {
        "assignment": [
          2,
          4,
          1,
          3
        ],
        "sum_rate": 7626835.738324434,
        "sinr": [
          1.458553773237394,
          2.4269670593149306,
          1.4540896406198138,
          0.9602544618651789,
          1.0006651680160252,
          1.4374706975556204
        ],
        "qubo_energy": 30626027288.23961,
        "c1": true,
        "c2": true,
        "c3": true,
        "c4": true,
        "feasible": true,
        "AR_rate": 1.0
      },
      "greedy_AR_rate": 0.8111447260708325,
      "greedy_local_AR_rate": 0.8111447260708325,
      "expected_rate_qaoa": {
        "gamma": 4.71238898038469,
        "beta": 2.9845130209103035,
        "expected_AR_rate": 0.8102071450680116,
        "top_AR_rate": 1.0,
        "raw_top_k_AR_rate": 1.0,
        "top_k_local_AR_rate": 1.0,
        "optimum_probability": 0.01898234716821428
      },
      "candidate_aware_qaoa": {
        "gamma": 4.71238898038469,
        "beta": 2.9845130209103035,
        "expected_AR_rate": 0.8102071450680116,
        "top_AR_rate": 1.0,
        "raw_top_k_AR_rate": 1.0,
        "top_k_local_AR_rate": 1.0,
        "optimum_probability": 0.01898234716821428
      },
      "simulated_annealing_mean_AR_rate": 0.992947221343191,
      "expected_top_k_sweep": [
        {
          "top_k": 1,
          "effective_top_k": 1,
          "qaoa_raw_AR_rate": 1.0,
          "qaoa_AR_rate": 1.0,
          "qaoa_local_gain_AR_rate": 0.0,
          "qaoa_optimum_hit": true,
          "qaoa_assignment": [
            2,
            4,
            1,
            3
          ],
          "qaoa_probability_mass": 0.01898234716821428,
          "random_raw_mean_AR_rate": 0.7656334780395825,
          "random_raw_std_AR_rate": 0.07597179836534694,
          "random_raw_worst_AR_rate": 0.546911141190163,
          "random_raw_best_AR_rate": 0.9074040406246278,
          "random_local_gain_mean_AR_rate": 0.147936189295688,
          "random_mean_AR_rate": 0.9135696673352706,
          "random_std_AR_rate": 0.058505313769315365,
          "random_worst_AR_rate": 0.8111447260708325,
          "random_best_AR_rate": 1.0,
          "random_optimum_hit_rate": 0.140625,
          "random_exact_candidate_hit_probability": 0.003039513677811523,
          "qaoa_gain_over_random_mean": 0.08643033266472944,
          "qaoa_beats_random_trial_rate": 0.859375,
          "random_trials": 64
        },
        {
          "top_k": 2,
          "effective_top_k": 2,
          "qaoa_raw_AR_rate": 1.0,
          "qaoa_AR_rate": 1.0,
          "qaoa_local_gain_AR_rate": 0.0,
          "qaoa_optimum_hit": true,
          "qaoa_assignment": [
            2,
            4,
            1,
            3
          ],
          "qaoa_probability_mass": 0.03735811253463089,
          "random_raw_mean_AR_rate": 0.8141320718732888,
          "random_raw_std_AR_rate": 0.06282761818967826,
          "random_raw_worst_AR_rate": 0.6655892659586793,
          "random_raw_best_AR_rate": 1.0,
          "random_local_gain_mean_AR_rate": 0.13501773507646092,
          "random_mean_AR_rate": 0.9491498069497497,
          "random_std_AR_rate": 0.04789763385395898,
          "random_worst_AR_rate": 0.8288126670243585,
          "random_best_AR_rate": 1.0,
          "random_optimum_hit_rate": 0.3125,
          "random_exact_candidate_hit_probability": 0.006079027355623046,
          "qaoa_gain_over_random_mean": 0.05085019305025029,
          "qaoa_beats_random_trial_rate": 0.6875,
          "random_trials": 64
        },
        {
          "top_k": 4,
          "effective_top_k": 4,
          "qaoa_raw_AR_rate": 1.0,
          "qaoa_AR_rate": 1.0,
          "qaoa_local_gain_AR_rate": 0.0,
          "qaoa_optimum_hit": true,
          "qaoa_assignment": [
            2,
            4,
            1,
            3
          ],
          "qaoa_probability_mass": 0.06949628584089938,
          "random_raw_mean_AR_rate": 0.8323752009528474,
          "random_raw_std_AR_rate": 0.046314122009787816,
          "random_raw_worst_AR_rate": 0.7376672941821404,
          "random_raw_best_AR_rate": 0.9504628635322853,
          "random_local_gain_mean_AR_rate": 0.14124064490365398,
          "random_mean_AR_rate": 0.9736158458565014,
          "random_std_AR_rate": 0.0385423576705928,
          "random_worst_AR_rate": 0.8900221135104293,
          "random_best_AR_rate": 1.0,
          "random_optimum_hit_rate": 0.421875,
          "random_exact_candidate_hit_probability": 0.012158054711246202,
          "qaoa_gain_over_random_mean": 0.026384154143498595,
          "qaoa_beats_random_trial_rate": 0.578125,
          "random_trials": 64
        },
        {
          "top_k": 8,
          "effective_top_k": 8,
          "qaoa_raw_AR_rate": 1.0,
          "qaoa_AR_rate": 1.0,
          "qaoa_local_gain_AR_rate": 0.0,
          "qaoa_optimum_hit": true,
          "qaoa_assignment": [
            2,
            4,
            1,
            3
          ],
          "qaoa_probability_mass": 0.11986312556048319,
          "random_raw_mean_AR_rate": 0.861469659701372,
          "random_raw_std_AR_rate": 0.038846891940800155,
          "random_raw_worst_AR_rate": 0.7589234644963077,
          "random_raw_best_AR_rate": 0.9504628635322853,
          "random_local_gain_mean_AR_rate": 0.12487804089452015,
          "random_mean_AR_rate": 0.9863477005958922,
          "random_std_AR_rate": 0.028546160193988583,
          "random_worst_AR_rate": 0.9114109085907078,
          "random_best_AR_rate": 1.0,
          "random_optimum_hit_rate": 0.546875,
          "random_exact_candidate_hit_probability": 0.024316109422492405,
          "qaoa_gain_over_random_mean": 0.013652299404107837,
          "qaoa_beats_random_trial_rate": 0.453125,
          "random_trials": 64
        },
        {
          "top_k": 16,
          "effective_top_k": 16,
          "qaoa_raw_AR_rate": 1.0,
          "qaoa_AR_rate": 1.0,
          "qaoa_local_gain_AR_rate": 0.0,
          "qaoa_optimum_hit": true,
          "qaoa_assignment": [
            2,
            4,
            1,
            3
          ],
          "qaoa_probability_mass": 0.20170807286388898,
          "random_raw_mean_AR_rate": 0.9079251922855904,
          "random_raw_std_AR_rate": 0.04818245603576192,
          "random_raw_worst_AR_rate": 0.8003274322584042,
          "random_raw_best_AR_rate": 1.0,
          "random_local_gain_mean_AR_rate": 0.09072407948786623,
          "random_mean_AR_rate": 0.9986492717734567,
          "random_std_AR_rate": 0.0029648967071534017,
          "random_worst_AR_rate": 0.9921412175910209,
          "random_best_AR_rate": 1.0,
          "random_optimum_hit_rate": 0.828125,
          "random_exact_candidate_hit_probability": 0.04863221884498481,
          "qaoa_gain_over_random_mean": 0.0013507282265432519,
          "qaoa_beats_random_trial_rate": 0.171875,
          "random_trials": 64
        }
      ],
      "candidate_top_k_sweep": [
        {
          "top_k": 1,
          "effective_top_k": 1,
          "qaoa_raw_AR_rate": 1.0,
          "qaoa_AR_rate": 1.0,
          "random_mean_AR_rate": 0.9160770640124016,
          "qaoa_gain_over_random_mean": 0.08392293598759837,
          "random_optimum_hit_rate": 0.140625
        },
        {
          "top_k": 2,
          "effective_top_k": 2,
          "qaoa_raw_AR_rate": 1.0,
          "qaoa_AR_rate": 1.0,
          "random_mean_AR_rate": 0.9411336594085767,
          "qaoa_gain_over_random_mean": 0.05886634059142326,
          "random_optimum_hit_rate": 0.21875
        },
        {
          "top_k": 4,